{"skins":[{"localization_name":"Skin #0","geometry":"geometry.n0","texture":"skin_0.png","type":"free"},{"localization_name":"Skin #1","geometry":"geometry.n1","texture":"skin_1.png","type":"free"},{"localization_name":"Skin #2","geometry":"geometry.n2","texture":"skin_2.png","type":"free"},{"localization_name":"Skin #3","geometry":"geometry.n3","texture":"skin_3.png","type":"free"},{"localization_name":"Skin #4","geometry":"geometry.n4","texture":"skin_4.png","type":"free"},{"localization_name":"Skin #5","geometry":"geometry.n5","texture":"skin_5.png","type":"free"},{"localization_name":"Skin #6","geometry":"geometry.n6","texture":"skin_6.png","type":"free"},{"localization_name":"Skin #7","geometry":"geometry.n7","texture":"skin_7.png","type":"free"},{"localization_name":"Skin #8","geometry":"geometry.n8","texture":"skin_8.png","type":"free"},{"localization_name":"Skin #9","geometry":"geometry.n9","texture":"skin_9.png","type":"free"},{"localization_name":"Skin #10","geometry":"geometry.n10","texture":"skin_10.png","type":"free"},{"localization_name":"Skin #11","geometry":"geometry.n11","texture":"skin_11.png","type":"free"},{"localization_name":"Skin #12","geometry":"geometry.n12","texture":"skin_12.png","type":"free"},{"localization_name":"Skin #13","geometry":"geometry.n13","texture":"skin_13.png","type":"free"},{"localization_name":"Skin #14","geometry":"geometry.n14","texture":"skin_14.png","type":"free"},{"localization_name":"Skin #15","geometry":"geometry.n15","texture":"skin_15.png","type":"free"},{"localization_name":"Skin #16","geometry":"geometry.n16","texture":"skin_16.png","type":"free"},{"localization_name":"Skin #17","geometry":"geometry.n17","texture":"skin_17.png","type":"free"},{"localization_name":"Skin #18","geometry":"geometry.n18","texture":"skin_18.png","type":"free"},{"localization_name":"Skin #19","geometry":"geometry.n19","texture":"skin_19.png","type":"free"},{"localization_name":"Skin #20","geometry":"geometry.n20","texture":"skin_20.png","type":"free"},{"localization_name":"Skin #21","geometry":"geometry.n21","texture":"skin_21.png","type":"free"},{"localization_name":"Skin #22","geometry":"geometry.n22","texture":"skin_22.png","type":"free"},{"localization_name":"Skin #23","geometry":"geometry.n23","texture":"skin_23.png","type":"free"},{"localization_name":"Skin #24","geometry":"geometry.n24","texture":"skin_24.png","type":"free"},{"localization_name":"Skin #25","geometry":"geometry.n25","texture":"skin_25.png","type":"free"},{"localization_name":"Skin #26","geometry":"geometry.n26","texture":"skin_26.png","type":"free"},{"localization_name":"Skin #27","geometry":"geometry.n27","texture":"skin_27.png","type":"free"},{"localization_name":"Skin #28","geometry":"geometry.n28","texture":"skin_28.png","type":"free"},{"localization_name":"Skin #29","geometry":"geometry.n29","texture":"skin_29.png","type":"free"},{"localization_name":"Skin #30","geometry":"geometry.n30","texture":"skin_30.png","type":"free"},{"localization_name":"Skin #31","geometry":"geometry.n31","texture":"skin_31.png","type":"free"},{"localization_name":"Skin #32","geometry":"geometry.n32","texture":"skin_32.png","type":"free"},{"localization_name":"Skin #33","geometry":"geometry.n33","texture":"skin_33.png","type":"free"},{"localization_name":"Skin #34","geometry":"geometry.n34","texture":"skin_34.png","type":"free"},{"localization_name":"Skin #35","geometry":"geometry.n35","texture":"skin_35.png","type":"free"},{"localization_name":"Skin #36","geometry":"geometry.n36","texture":"skin_36.png","type":"free"},{"localization_name":"Skin #37","geometry":"geometry.n37","texture":"skin_37.png","type":"free"},{"localization_name":"Skin #38","geometry":"geometry.n38","texture":"skin_38.png","type":"free"},{"localization_name":"Skin #39","geometry":"geometry.n39","texture":"skin_39.png","type":"free"},{"localization_name":"Skin #40","geometry":"geometry.n40","texture":"skin_40.png","type":"free"},{"localization_name":"Skin #41","geometry":"geometry.n41","texture":"skin_41.png","type":"free"},{"localization_name":"Skin #42","geometry":"geometry.n42","texture":"skin_42.png","type":"free"},{"localization_name":"Skin #43","geometry":"geometry.n43","texture":"skin_43.png","type":"free"},{"localization_name":"Skin #44","geometry":"geometry.n44","texture":"skin_44.png","type":"free"},{"localization_name":"Skin #45","geometry":"geometry.n45","texture":"skin_45.png","type":"free"},{"localization_name":"Skin #46","geometry":"geometry.n46","texture":"skin_46.png","type":"free"},{"localization_name":"Skin #47","geometry":"geometry.n47","texture":"skin_47.png","type":"free"},{"localization_name":"Skin #48","geometry":"geometry.n48","texture":"skin_48.png","type":"free"},{"localization_name":"Skin #49","geometry":"geometry.n49","texture":"skin_49.png","type":"free"},{"localization_name":"Skin #50","geometry":"geometry.n50","texture":"skin_50.png","type":"free"},{"localization_name":"Skin #51","geometry":"geometry.n51","texture":"skin_51.png","type":"free"}],"serialize_name":"5d皮肤整合","localization_name":"5d皮肤整合，非原作者 整合：bilibili宇风吖"}